Date,Open,High,Low,Close,Volume,Ticker
2024-08-06,204.83728149035767,209.51671322927783,200.6168196653937,206.76292419433594,69660500,AAPL
2024-08-07,206.43367474426563,213.15848935419993,205.9248296826355,209.34710693359375,63516400,AAPL
2024-08-08,212.6296774525561,213.71721707569145,208.35932525259923,212.8292236328125,47161100,AAPL
2024-08-09,211.62197118803232,216.29141600978787,211.4922593126285,215.7526397705078,42201600,AAPL
2024-08-10,211.62197118803232,216.29141600978787,211.4922593126285,215.7526397705078,42201600,AAPL
2024-08-11,211.62197118803232,216.29141600978787,211.4922593126285,215.7526397705078,42201600,AAPL
2024-08-12,215.83255236617862,219.26875909808805,215.36306766380915,217.2909393310547,38028100,AAPL
2024-08-13,218.76929897291208,221.646138683676,218.76929897291208,221.02682495117188,44155300,AAPL
2024-08-14,220.3276035510778,222.7848915052682,219.45854930599305,221.47633361816406,41960600,AAPL
2024-08-06,103.83111265218399,107.70078431354553,100.54140083049033,104.24108123779297,409012100,NVDA
2024-08-07,107.80077523327128,108.79069603899508,98.68156026230227,98.90154266357422,411440400,NVDA
2024-08-08,101.99127427531292,105.4909748631913,97.51165416618215,104.96102142333984,391910000,NVDA
2024-08-09,105.63096637885822,106.59088337622241,103.42115626585178,104.74104309082031,290844200,NVDA
2024-08-10,105.63096637885822,106.59088337622241,103.42115626585178,104.74104309082031,290844200,NVDA
2024-08-11,105.63096637885822,106.59088337622241,103.42115626585178,104.74104309082031,290844200,NVDA
2024-08-12,106.31090747175931,111.06050126352302,106.25091504400818,109.01067352294922,325559900,NVDA
2024-08-13,112.43038543102408,116.220062187201,111.57045837665454,116.13006591796875,312646700,NVDA
2024-08-14,118.51985896532126,118.589852671924,114.0602414176875,118.06990051269531,339246400,NVDA
2024-08-06,399.2803346769082,404.94014682452905,397.7830334218698,398.8910217285156,24946500,MSFT
2024-08-07,407.9048180980064,409.34219932500315,396.7549009776476,397.7131652832031,20650900,MSFT
2024-08-08,401.71593441788025,405.1297641120261,399.2204324052767,401.9654846191406,20203000,MSFT
2024-08-09,403.3030798438404,407.3158362110672,401.5362753425401,405.28948974609375,19276700,MSFT
2024-08-10,403.3030798438404,407.3158362110672,401.5362753425401,405.28948974609375,19276700,MSFT
2024-08-11,403.3030798438404,407.3158362110672,401.5362753425401,405.28948974609375,19276700,MSFT
2024-08-12,406.32761416420084,408.0245677048975,403.5126806044117,406.07806396484375,16762900,MSFT
2024-08-13,408.85307563224285,414.20344793901165,408.83312258213994,413.26513671875,19414300,MSFT
2024-08-14,414.05369406899246,416.96845391003643,411.70794647746885,416.1099853515625,18267000,MSFT
2024-08-06,159.11886106034058,160.3572233242791,156.20273241161613,158.08023071289062,49004600,GOOGL
2024-08-07,161.0363063938684,162.76400947628738,158.25999175698507,158.7293701171875,25138600,GOOGL
2024-08-08,160.29728713235718,163.47308092972898,159.99769688233283,161.81527709960938,25578800,GOOGL
2024-08-09,159.79795615821598,163.57294584604068,158.8492181049867,163.45310974121094,28602300,GOOGL
2024-08-10,159.79795615821598,163.57294584604068,158.8492181049867,163.45310974121094,28602300,GOOGL
2024-08-11,159.79795615821598,163.57294584604068,158.8492181049867,163.45310974121094,28602300,GOOGL
2024-08-12,164.13220346738748,164.68146239642743,161.62552005846075,162.07492065429688,15895300,GOOGL
2024-08-13,163.19345300516065,164.51169581936622,162.75403365423605,163.9424591064453,18551700,GOOGL
2024-08-14,162.18477930150115,163.00369994129383,157.50100735121106,160.157470703125,40591100,GOOGL
2024-08-06,161.7100067138672,165.0800018310547,158.5399932861328,161.92999267578125,59950800,AMZN
2024-08-07,166.5500030517578,167.5800018310547,161.42999267578125,162.77000427246094,48408200,AMZN
2024-08-08,165.1699981689453,166.69000244140625,162.5500030517578,165.8000030517578,44616200,AMZN
2024-08-09,166.39999389648438,168.5500030517578,165.85000610351562,166.94000244140625,36401000,AMZN
2024-08-10,166.39999389648438,168.5500030517578,165.85000610351562,166.94000244140625,36401000,AMZN
2024-08-11,166.39999389648438,168.5500030517578,165.85000610351562,166.94000244140625,36401000,AMZN
2024-08-12,168.13999938964844,168.5500030517578,166.11000061035156,166.8000030517578,30072800,AMZN
2024-08-13,167.80999755859375,171.0399932861328,167.10000610351562,170.22999572753906,39237900,AMZN
2024-08-14,172.11000061035156,172.27999877929688,168.86000061035156,170.10000610351562,28843800,AMZN
2024-08-06,478.54346551440767,502.0810080597113,478.1937930014065,493.61907958984375,20955000,META
2024-08-07,502.65048892680744,509.66378742965634,486.3959757932957,488.45404052734375,20105300,META
2024-08-08,497.0258430822951,509.47395917829186,494.24849386209854,509.144287109375,16156800,META
2024-08-09,507.22611009211715,517.8460143623263,505.21804648787173,517.2765502929688,13696600,META
2024-08-10,507.22611009211715,517.8460143623263,505.21804648787173,517.2765502929688,13696600,META
2024-08-11,507.22611009211715,517.8460143623263,505.21804648787173,517.2765502929688,13696600,META
2024-08-12,516.3673577876184,517.5262863200741,508.61477470058526,515.458251953125,9767400,META
2024-08-13,519.5144160769801,530.993455817065,517.6562033778356,528.0362548828125,13743800,META
2024-08-14,527.5567444807748,533.4910859659929,522.6314501991138,526.2579956054688,11444200,META
2024-08-06,200.75,202.89999389648438,192.6699981689453,200.63999938964844,73783900,TSLA
2024-08-07,200.77000427246094,203.49000549316406,191.47999572753906,191.75999450683594,71159800,TSLA
2024-08-08,195.6999969482422,200.6999969482422,192.0399932861328,198.83999633789062,65033900,TSLA
2024-08-09,197.0500030517578,200.8800048828125,195.11000061035156,200.0,58648300,TSLA
2024-08-10,197.0500030517578,200.8800048828125,195.11000061035156,200.0,58648300,TSLA
2024-08-11,197.0500030517578,200.8800048828125,195.11000061035156,200.0,58648300,TSLA
2024-08-12,199.02000427246094,199.25999450683594,194.6699981689453,197.49000549316406,64044900,TSLA
2024-08-13,198.47000122070312,208.49000549316406,197.05999755859375,207.8300018310547,76247400,TSLA
2024-08-14,207.38999938964844,208.44000244140625,198.75,201.3800048828125,70250000,TSLA
2024-08-06,600.6199951171875,622.4500122070312,600.6199951171875,609.5700073242188,4319100,NFLX
2024-08-07,616.0700073242188,632.0,610.6400146484375,611.47998046875,3187800,NFLX
2024-08-08,621.989990234375,632.2899780273438,616.02001953125,630.3499755859375,3283500,NFLX
2024-08-09,622.989990234375,636.6199951171875,622.989990234375,633.9400024414062,1980800,NFLX
2024-08-10,622.989990234375,636.6199951171875,622.989990234375,633.9400024414062,1980800,NFLX
2024-08-11,622.989990234375,636.6199951171875,622.989990234375,633.9400024414062,1980800,NFLX
2024-08-12,631.0,639.0,627.0700073242188,633.1400146484375,2331700,NFLX
2024-08-13,638.5599975585938,650.969970703125,635.5,648.02001953125,2639600,NFLX
2024-08-14,648.7000122070312,663.5700073242188,648.7000122070312,661.6799926757812,4014300,NFLX
2024-08-06,159.8368247795839,160.2635783509779,157.74271865446207,157.77249145507812,7607100,JNJ
2024-08-07,157.67323013068773,159.41004741028274,156.9983598282335,157.7030029296875,5993000,JNJ
2024-08-08,157.3755121576298,159.48945674038904,156.83957145383192,159.01307678222656,5094800,JNJ
2024-08-09,158.9138159237072,159.71771179461834,158.13969285217462,159.41004943847656,4579200,JNJ
2024-08-10,158.9138159237072,159.71771179461834,158.13969285217462,159.41004943847656,4579200,JNJ
2024-08-11,158.9138159237072,159.71771179461834,158.13969285217462,159.41004943847656,4579200,JNJ
2024-08-12,159.75741405660548,160.48191072567187,157.51444409042395,158.67562866210938,7605400,JNJ
2024-08-13,159.06269651628898,159.1619341338416,155.26154594119933,157.1968536376953,9711400,JNJ
2024-08-14,156.64108104444347,158.34812563345068,156.21431232526876,157.2861785888672,5141200,JNJ
2024-08-06,67.64717671478284,68.43493223398045,67.4876354340785,67.5474624633789,14815100,WMT
2024-08-07,67.67709622924092,67.81669769943166,66.62010388788448,66.7198257446289,18499200,WMT
2024-08-08,66.65001294668592,67.72694502277932,66.4804979738867,67.46768951416016,12489800,WMT
2024-08-09,67.65714458288579,68.02609564971763,67.1386259557118,67.7568588256836,13805600,WMT
2024-08-10,67.65714458288579,68.02609564971763,67.1386259557118,67.7568588256836,13805600,WMT
2024-08-11,67.65714458288579,68.02609564971763,67.1386259557118,67.7568588256836,13805600,WMT
2024-08-12,68.14575284777763,69.0232564834594,67.87652361900854,68.50473022460938,17385300,WMT
2024-08-13,68.23549829953453,68.41498698085796,66.9491640180015,67.93634796142578,26557900,WMT
2024-08-14,67.72694920335121,68.59447914170563,67.657148468613,68.46485137939453,22928600,WMT
2024-08-06,240.7120929109921,243.4677764201795,237.65689183330284,238.04627990722656,5673900,CRM
2024-08-07,242.22972102595904,246.14357478506653,239.28434805698654,239.6637420654297,4035500,CRM
2024-08-08,242.85873451903103,249.03901909356694,242.69898165757425,248.72950744628906,4474300,CRM
2024-08-09,248.31015701169966,252.55349509070794,248.06054888940503,252.1341552734375,2975300,CRM
2024-08-10,248.31015701169966,252.55349509070794,248.06054888940503,252.1341552734375,2975300,CRM
2024-08-11,248.31015701169966,252.55349509070794,248.06054888940503,252.1341552734375,2975300,CRM
2024-08-12,252.2040631552992,253.6917178745833,248.62967286995058,250.91607666015625,3679700,CRM
2024-08-13,252.6034295955534,255.37907080473065,252.6034295955534,254.200927734375,4031600,CRM
2024-08-14,254.9896821593617,257.3060376971273,253.4620816136493,254.9197998046875,4145200,CRM
2024-08-06,513.6900024414062,519.1599731445312,509.010009765625,514.2000122070312,2076300,ADBE
2024-08-07,520.9500122070312,531.010009765625,512.8599853515625,513.6199951171875,1663700,ADBE
2024-08-08,520.5900268554688,531.0700073242188,519.5599975585938,530.239990234375,2155100,ADBE
2024-08-09,528.02001953125,537.280029296875,528.02001953125,536.2999877929688,1272600,ADBE
2024-08-10,528.02001953125,537.280029296875,528.02001953125,536.2999877929688,1272600,ADBE
2024-08-11,528.02001953125,537.280029296875,528.02001953125,536.2999877929688,1272600,ADBE
2024-08-12,536.0399780273438,538.0800170898438,525.77001953125,530.9299926757812,1450300,ADBE
2024-08-13,530.9299926757812,537.719970703125,527.9000244140625,535.219970703125,3063900,ADBE
2024-08-14,536.6199951171875,542.9199829101562,533.2000122070312,539.7899780273438,1915600,ADBE
2024-08-06,157.60551578989737,162.7887363737796,155.69538887896545,157.9039764404297,9301000,QCOM
2024-08-07,162.73898969631767,163.47519060705994,154.70052949328934,155.3173370361328,9266900,QCOM
2024-08-08,159.91359723037476,164.7386529477431,157.05834236147763,164.10194396972656,9590900,QCOM
2024-08-09,163.22648833121897,165.03712342824636,161.14722193109375,163.63436889648438,4824600,QCOM
2024-08-10,163.22648833121897,165.03712342824636,161.14722193109375,163.63436889648438,4824600,QCOM
2024-08-11,163.22648833121897,165.03712342824636,161.14722193109375,163.63436889648438,4824600,QCOM
2024-08-12,159.7345133755473,162.54996536987397,156.6106576074132,162.0525360107422,8548000,QCOM
2024-08-13,163.45529132696646,168.68824274828972,162.4405311783782,168.5987091064453,11102100,QCOM
2024-08-14,169.762696661139,170.37950422904194,163.87313467693912,166.29063415527344,7208200,QCOM
2024-08-06,91.47675091227057,93.10388562624853,90.80208474528847,92.24071502685547,6068300,MS
2024-08-07,93.86784796085334,94.582201249941,91.28824474879558,91.38745880126953,7215700,MS
2024-08-08,92.75663083262693,94.29447513839797,92.05220122010412,93.88768768310547,6592300,MS
2024-08-09,93.55036248944747,94.37385354266776,93.28247620970238,93.97698974609375,3542600,MS
2024-08-10,93.55036248944747,94.37385354266776,93.28247620970238,93.97698974609375,3542600,MS
2024-08-11,93.55036248944747,94.37385354266776,93.28247620970238,93.97698974609375,3542600,MS
2024-08-12,94.15557330503452,94.47306281229648,92.80624100678446,94.09603881835938,4196300,MS
2024-08-13,95.01874152314754,96.04066818228061,94.2051742078854,95.95137023925781,5941500,MS
2024-08-14,96.99314363154187,99.80093851779348,96.74510470582565,98.65996551513672,10161700,MS
2024-08-06,786.7359403966714,803.8137596053234,782.6085380887989,790.7636108398438,3437600,LLY
2024-08-07,775.9289267493128,784.1837312547012,760.6955083244975,769.7877197265625,4407700,LLY
2024-08-08,872.3343555560144,875.1059156304331,822.7259372116059,842.7348022460938,9434900,LLY
2024-08-09,857.3800209934983,905.7222870924785,857.3800209934983,888.9635009765625,6587600,LLY
2024-08-10,857.3800209934983,905.7222870924785,857.3800209934983,888.9635009765625,6587600,LLY
2024-08-11,857.3800209934983,905.7222870924785,857.3800209934983,888.9635009765625,6587600,LLY
2024-08-12,901.4553346717246,901.9637298369178,880.3099293000357,881.6857299804688,4206100,LLY
2024-08-13,891.3562189242404,911.903416338235,887.6176432295887,905.2836303710938,3506800,LLY
2024-08-14,907.2277291741799,931.5334615555969,901.03662573201,928.8416748046875,3562900,LLY
2024-08-06,141.26537328472529,148.4218435566515,139.79022931229107,143.4481964111328,24751300,AVGO
2024-08-07,147.76399462252834,149.60793588344927,135.38471271596615,135.82327270507812,29749800,AVGO
2024-08-08,140.7371121551895,145.79049887500477,137.9462881321935,145.26223754882812,27583200,AVGO
2024-08-09,143.7272685608941,149.05973583076795,143.637567256461,147.77395629882812,18438700,AVGO
2024-08-10,143.7272685608941,149.05973583076795,143.637567256461,147.77395629882812,18438700,AVGO
2024-08-11,143.7272685608941,149.05973583076795,143.637567256461,147.77395629882812,18438700,AVGO
2024-08-12,147.59455892795594,150.63456331468407,145.89015803940774,148.13278198242188,17778500,AVGO
2024-08-13,151.0531834380402,155.86735128957898,149.3188821272554,155.6480712890625,22053600,AVGO
2024-08-14,157.50196991829344,159.72465508789503,154.21278521170362,157.1730499267578,20184200,AVGO
2024-08-06,194.20986722492842,201.36602617284618,192.81840029941776,199.11978149414062,10605800,JPM
2024-08-07,202.27047129675586,204.49683353467728,198.98063401976952,199.17941284179688,9204400,JPM
2024-08-08,201.23681131200536,203.66195235977403,200.56094512148448,202.81712341308594,7761200,JPM
2024-08-09,202.23072879131954,205.21245672533513,201.66419320424737,204.54653930664062,5540200,JPM
2024-08-10,202.23072879131954,205.21245672533513,201.66419320424737,204.54653930664062,5540200,JPM
2024-08-11,202.23072879131954,205.21245672533513,201.66419320424737,204.54653930664062,5540200,JPM
2024-08-12,205.15281958161643,205.87836911473076,202.41956904220464,204.9341583251953,6936000,JPM
2024-08-13,206.46478005897887,206.82258802299975,204.1489695093234,206.6735076904297,6387800,JPM
2024-08-14,206.47472984674812,209.47632510644675,205.85849574885236,208.95950317382812,6999800,JPM
2024-08-06,112.61060424120349,113.77164007269191,111.80378324012023,112.32527160644531,13647800,XOM
2024-08-07,113.59453209062389,115.23769824277277,113.40759079707155,113.82083892822266,13660700,XOM
2024-08-08,114.21440759481511,116.21178099538619,113.87003416485075,115.99531555175781,13851000,XOM
2024-08-09,115.99531764407176,117.39249416043091,115.4738367968939,116.93988800048828,12151900,XOM
2024-08-10,115.99531764407176,117.39249416043091,115.4738367968939,116.93988800048828,12151900,XOM
2024-08-11,115.99531764407176,117.39249416043091,115.4738367968939,116.93988800048828,12151900,XOM
2024-08-12,117.62864225595884,118.2386730546073,116.1232255106379,117.08747863769531,13228900,XOM
2024-08-13,116.37904553500934,116.60535236140461,115.61158261321455,115.9657974243164,11585100,XOM
2024-08-14,116.20194663364057,117.97302081876501,115.73949906825929,117.03828430175781,12194500,XOM
2024-08-06,255.50093481201665,259.4753840703934,254.77378241125638,257.25408935546875,21586800,V
2024-08-07,258.64861234982857,261.0093761936668,255.31165472132412,255.5208282470703,12908600,V
2024-08-08,257.1245719770406,259.43554272410336,256.9153984521328,258.81793212890625,8223700,V
2024-08-09,258.67821308138235,261.0237293597333,258.51851304180786,259.26708984375,7228100,V
2024-08-10,258.67821308138235,261.0237293597333,258.51851304180786,259.26708984375,7228100,V
2024-08-11,258.67821308138235,261.0237293597333,258.51851304180786,259.26708984375,7228100,V
2024-08-12,260.00567843687634,261.1035971824782,258.74805965012615,259.3968505859375,26769400,V
2024-08-13,259.6363830566406,261.1834295979639,258.77799915073336,259.6363830566406,12005700,V
2024-08-14,260.3749630779729,261.0037724511151,258.2490001343654,260.64447021484375,8552300,V
2024-08-06,566.2022767465253,575.4793778365058,560.5423540760911,566.3417358398438,3216500,UNH
2024-08-07,564.6079296600078,569.6301602843376,555.0618233538952,564.079833984375,4320700,UNH
2024-08-08,562.3758092365543,570.4272758078814,562.3758092365543,564.2391967773438,2860800,UNH
2024-08-09,562.5451894122824,563.9302924769466,555.6596324938744,556.78564453125,2976700,UNH
2024-08-10,562.5451894122824,563.9302924769466,555.6596324938744,556.78564453125,2976700,UNH
2024-08-11,562.5451894122824,563.9302924769466,555.6596324938744,556.78564453125,2976700,UNH
2024-08-12,560.3330651102269,566.9894542163969,559.0675331579113,563.2925415039062,2532400,UNH
2024-08-13,567.9759546953674,573.6956629168585,566.9894625496421,572.2109375,2369400,UNH
2024-08-14,573.2074254876635,579.066653840961,571.2444155193122,577.6217651367188,2344400,UNH
2024-08-06,130.247122450813,130.7460006841117,127.7926500687346,127.92236328125,8373900,ORCL
2024-08-07,128.63076739114334,130.00767624625422,125.46788108264681,125.61754608154297,8617700,ORCL
2024-08-08,127.7128318765742,129.5287560126061,127.36361862436729,128.67068481445312,6243200,ORCL
2024-08-09,128.11192529900723,132.07301972268547,128.05206234643666,131.7637176513672,5597300,ORCL
2024-08-10,128.11192529900723,132.07301972268547,128.05206234643666,131.7637176513672,5597300,ORCL
2024-08-11,128.11192529900723,132.07301972268547,128.05206234643666,131.7637176513672,5597300,ORCL
2024-08-12,131.95330077480534,132.41227547630513,130.91564068490848,132.28256225585938,5600800,ORCL
2024-08-13,132.67168678802054,134.2381566207059,132.5120420895966,133.9587860107422,4324000,ORCL
2024-08-14,133.73927864976508,135.66495667040445,133.70934717181453,135.29579162597656,4044600,ORCL
2024-08-06,442.6315009821167,454.8452731607115,441.5229589738172,447.7047424316406,2758900,MA
2024-08-07,449.93179256650916,456.3133226601493,448.44378071629865,449.2427062988281,2059800,MA
2024-08-08,451.6395056503191,455.66415339434053,450.4311208227647,454.9750671386719,1585400,MA
2024-08-09,454.97507358470125,458.1907993310293,452.85789336855805,456.1734924316406,1760200,MA
2024-08-10,454.97507358470125,458.1907993310293,452.85789336855805,456.1734924316406,1760200,MA
2024-08-11,454.97507358470125,458.1907993310293,452.85789336855805,456.1734924316406,1760200,MA
2024-08-12,457.162155154813,457.8512414006261,453.28733267774794,455.0849304199219,1760000,MA
2024-08-13,457.5316797357598,459.0296879814056,454.28599520352725,458.7500305175781,1816100,MA
2024-08-14,458.65021233019195,459.92851154942184,455.4644455184213,459.54901123046875,1654100,MA
2024-08-06,166.91859106399096,169.33439520608562,166.86889545782026,167.10748291015625,7454900,PG
2024-08-07,167.58469307753245,170.71627483823747,167.0279536099943,169.02621459960938,8385500,PG
2024-08-08,168.42970960840736,170.5572003394675,168.01216639983656,169.87123107910156,6386900,PG
2024-08-09,169.1256238836462,170.25895984376336,168.65836987495229,169.5431671142578,5377300,PG
2024-08-10,169.1256238836462,170.25895984376336,168.65836987495229,169.5431671142578,5377300,PG
2024-08-11,169.1256238836462,170.25895984376336,168.65836987495229,169.5431671142578,5377300,PG
2024-08-12,168.40983374277212,168.6583724674041,165.2285411014031,165.83497619628906,7208100,PG
2024-08-13,166.36187508489115,166.8191930073564,165.48702910000068,166.31216430664062,3770000,PG
2024-08-14,165.52678007827723,168.4794211527009,164.85076207167734,167.81333923339844,5476600,PG
2024-08-06,803.9916981106029,831.9845320867367,803.9916981106029,815.7960205078125,2476300,COST
2024-08-07,823.0164033371659,832.7235367341125,808.1861334537483,809.2247314453125,1702000,COST
2024-08-08,820.4099008152344,841.6416993583231,819.3613063160419,838.3161010742188,2345000,COST
2024-08-09,837.3873415427938,856.631790471537,836.518500876918,853.7955322265625,1710600,COST
2024-08-10,837.3873415427938,856.631790471537,836.518500876918,853.7955322265625,1710600,COST
2024-08-11,837.3873415427938,856.631790471537,836.518500876918,853.7955322265625,1710600,COST
2024-08-12,856.1124514276227,869.0952007639413,851.2689116338157,862.424072265625,1748200,COST
2024-08-13,863.7722672385726,866.8981187248546,855.0238816702026,863.6724243164062,1484100,COST
2024-08-14,863.7223535443724,865.5798707833557,857.3608111093872,861.5652465820312,1341500,COST
2024-08-06,346.64452480196684,356.49469974171643,345.18339827979065,351.77337646484375,2831100,HD
2024-08-07,353.0356985419491,354.11911434940043,340.21358454244404,340.3328552246094,3429100,HD
2024-08-08,340.17382034053986,346.63457856665855,339.27925988359095,346.23699951171875,3591100,HD
2024-08-09,345.7897451590552,349.40775410439625,343.3147570737296,346.53521728515625,2314800,HD
2024-08-10,345.7897451590552,349.40775410439625,343.3147570737296,346.53521728515625,2314800,HD
2024-08-11,345.7897451590552,349.40775410439625,343.3147570737296,346.53521728515625,2314800,HD
2024-08-12,348.6523372717911,349.3779410708307,340.0645140384361,343.7222900390625,3830200,HD
2024-08-13,339.80606618662074,351.2565373458848,337.32115912370244,347.9565734863281,6388600,HD
2024-08-14,347.43968882769485,357.5184863021437,347.2906004725511,353.5128173828125,4814800,HD
2024-08-06,183.9609585926878,186.33203880162614,181.6295851064373,184.23875427246094,4273200,ABBV
2024-08-07,186.41140006698893,188.08801385864624,184.50661263524304,186.0244903564453,6351000,ABBV
2024-08-08,185.4391601777817,189.19914310374824,185.4391601777817,188.89158630371094,5744600,ABBV
2024-08-09,189.26858031844904,189.49675394833247,186.60981937781315,188.42530822753906,3206500,ABBV
2024-08-10,189.26858031844904,189.49675394833247,186.60981937781315,188.42530822753906,3206500,ABBV
2024-08-11,189.26858031844904,189.49675394833247,186.60981937781315,188.42530822753906,3206500,ABBV
2024-08-12,188.5741259004033,189.06024940981877,186.21297619453384,188.67332458496094,4808300,ABBV
2024-08-13,189.0503213638131,190.41939341420036,187.879676960888,189.7150115966797,3477300,ABBV
2024-08-14,189.4868376736814,191.81822628660822,188.96103771211136,191.4709930419922,4153400,ABBV
2024-08-06,36.41260701428444,37.068331818452194,36.30331891525845,36.68085479736328,40614100,BAC
2024-08-07,37.853212775599545,38.340040558755575,37.02859091799387,37.05839538574219,44952400,BAC
2024-08-08,37.57502450281646,38.17113654799551,37.41606103810285,37.96249771118164,36557800,BAC
2024-08-09,37.91282561040321,38.200948099428615,37.66444493848233,38.032047271728516,26411200,BAC
2024-08-10,37.91282561040321,38.200948099428615,37.66444493848233,38.032047271728516,26411200,BAC
2024-08-11,37.91282561040321,38.200948099428615,37.66444493848233,38.032047271728516,26411200,BAC
2024-08-12,38.250620475481,38.479130220925576,37.763792729107436,37.92275619506836,33040600,BAC
2024-08-13,38.12146308927736,38.230751187376065,37.873082426321446,38.210880279541016,21553500,BAC
2024-08-14,38.27049415091575,38.66790094957199,38.18107695797015,38.558616638183594,25658900,BAC
2024-08-06,67.68597225359534,68.3712689323227,67.3085548012346,67.58665466308594,12969100,KO
2024-08-07,67.58665394739188,68.70895710541195,67.36815070411713,67.99385833740234,13365300,KO
2024-08-08,67.53699112812353,68.39113603388081,67.388010955734,68.26202392578125,15240900,KO
2024-08-09,68.23222468445204,68.32161582260477,67.78529172602832,68.21236419677734,12080400,KO
2024-08-10,68.23222468445204,68.32161582260477,67.78529172602832,68.21236419677734,12080400,KO
2024-08-11,68.23222468445204,68.32161582260477,67.78529172602832,68.21236419677734,12080400,KO
2024-08-12,67.98392572231539,68.0733168589031,67.36815210837435,67.7058334350586,11012300,KO
2024-08-13,67.61644846648454,68.14283851031207,67.54692539611952,67.99385833740234,9877600,KO
2024-08-14,67.76542938312927,68.42093154270141,67.6661042151351,68.11304473876953,14328000,KO
2024-08-06,142.89077822938353,143.48412832609688,141.5359312409191,141.64471435546875,9692700,CVX
2024-08-07,142.97978176964833,144.1170474652727,140.70523528849577,140.83380126953125,8867900,CVX
2024-08-08,141.48649608176544,143.21712693007447,141.13047998937432,142.89077758789062,7531100,CVX
2024-08-09,142.6138729886088,144.49283752378136,141.60515824630102,143.38523864746094,7653100,CVX
2024-08-10,142.6138729886088,144.49283752378136,141.60515824630102,143.38523864746094,7653100,CVX
2024-08-11,142.6138729886088,144.49283752378136,141.60515824630102,143.38523864746094,7653100,CVX
2024-08-12,144.22581800716176,145.11586572995864,138.14389313927788,143.41490173339844,8442200,CVX
2024-08-13,142.48530227080667,142.95010144590702,141.46670367598733,142.5545196533203,7794800,CVX
2024-08-14,142.79187164678683,143.63246976954636,141.84249041508082,143.0687713623047,5874200,CVX
2024-08-06,135.14999389648438,136.44000244140625,129.10000610351562,130.17999267578125,64455600,AMD
2024-08-07,133.75,136.24000549316406,128.3699951171875,128.6699981689453,54676500,AMD
2024-08-08,131.97000122070312,136.47999572753906,128.94000244140625,136.32000732421875,49037500,AMD
2024-08-09,134.69000244140625,135.5,132.44000244140625,134.27000427246094,40583000,AMD
2024-08-10,134.69000244140625,135.5,132.44000244140625,134.27000427246094,40583000,AMD
2024-08-11,134.69000244140625,135.5,132.44000244140625,134.27000427246094,40583000,AMD
2024-08-12,134.44000244140625,137.99000549316406,133.22999572753906,136.77000427246094,39724300,AMD
2024-08-13,138.1199951171875,141.19000244140625,137.52000427246094,141.1300048828125,42218000,AMD
2024-08-14,143.0,143.25,137.63999938964844,140.75,35506400,AMD
2024-08-06,111.55365929605985,112.32847421780943,110.18282590032777,110.41130065917969,9761900,MRK
2024-08-07,110.9377791489095,111.80199988937801,109.98416018288728,111.74239349365234,9756500,MRK
2024-08-08,112.16953355821298,113.47083247141023,111.82186116869069,113.16288757324219,8278200,MRK
2024-08-09,113.02381709313399,113.95757227984903,112.11986889256717,113.78870391845703,5914100,MRK
2024-08-10,113.02381709313399,113.95757227984903,112.11986889256717,113.78870391845703,5914100,MRK
2024-08-11,113.02381709313399,113.95757227984903,112.11986889256717,113.78870391845703,5914100,MRK
2024-08-12,113.94763599055175,113.94763599055175,112.35827111242695,112.72581481933594,6536000,MRK
2024-08-13,112.81521835947602,114.10658164684185,112.09006657346816,113.62976837158203,9040300,MRK
2024-08-14,112.90461967529812,113.17282192161903,110.76890705204056,112.82514953613281,11029400,MRK
2024-08-06,186.34265979204278,192.02413938273804,185.91406401667962,189.2432098388672,4492100,TMUS
2024-08-07,189.243201010338,193.29997086218955,189.243201010338,189.9708251953125,4685900,TMUS
2024-08-08,189.82131829891912,193.21026660476423,189.38274529738717,192.98101806640625,5437100,TMUS
2024-08-09,193.04083006255766,193.7485302055367,191.48590040668086,193.56910705566406,2802200,TMUS
2024-08-10,193.04083006255766,193.7485302055367,191.48590040668086,193.56910705566406,2802200,TMUS
2024-08-11,193.04083006255766,193.7485302055367,191.48590040668086,193.56910705566406,2802200,TMUS
2024-08-12,193.56910216381036,194.60573204767627,192.6321534950455,194.31666564941406,2870800,TMUS
2024-08-13,195.06422768685596,195.29347622882477,193.25014821738546,194.6954345703125,3736900,TMUS
2024-08-14,194.3465651077137,196.38990832393878,193.84818945542554,195.85166931152344,3248100,TMUS
2024-08-06,56.988304138183594,56.988304138183594,56.988304138183594,56.988304138183594,0,CCZ
2024-08-07,56.988304138183594,56.988304138183594,56.988304138183594,56.988304138183594,0,CCZ
2024-08-08,56.988304138183594,56.988304138183594,56.988304138183594,56.988304138183594,0,CCZ
2024-08-09,56.988304138183594,56.988304138183594,56.988304138183594,56.988304138183594,0,CCZ
2024-08-10,56.988304138183594,56.988304138183594,56.988304138183594,56.988304138183594,0,CCZ
2024-08-11,56.988304138183594,56.988304138183594,56.988304138183594,56.988304138183594,0,CCZ
2024-08-12,56.988304138183594,56.988304138183594,56.988304138183594,56.988304138183594,100,CCZ
2024-08-13,56.988304138183594,56.988304138183594,56.988304138183594,56.988304138183594,0,CCZ
2024-08-14,56.988304138183594,56.988304138183594,56.988304138183594,56.988304138183594,0,CCZ
2024-08-06,171.97050087246245,174.87836638272324,171.0574552409422,171.1864776611328,7287100,PEP
2024-08-07,170.32303153331975,173.07210237861162,170.03522977930663,170.4917449951172,5428900,PEP
2024-08-08,168.92370252749024,171.69261138907478,168.52671630524495,171.06736755371094,5112500,PEP
2024-08-09,170.78948335992425,171.47427133710264,169.10233357386895,171.08721923828125,3223000,PEP
2024-08-10,170.78948335992425,171.47427133710264,169.10233357386895,171.08721923828125,3223000,PEP
2024-08-11,170.78948335992425,171.47427133710264,169.10233357386895,171.08721923828125,3223000,PEP
2024-08-12,170.93836792952158,171.56359664938117,169.41993152725644,170.1245574951172,3802300,PEP
2024-08-13,170.32303542341148,171.1169927244261,168.93362150424286,171.06736755371094,3894700,PEP
2024-08-14,170.92842105127534,173.02247598764757,170.63068517936225,172.39724731445312,3555800,PEP
2024-08-06,442.76790681057605,449.89693552010436,442.2992837257993,444.3532409667969,1598200,LIN
2024-08-07,448.0025092359048,449.6775758298231,440.0259668708525,440.5643615722656,1619300,LIN
2024-08-08,440.9332946976906,446.52683033032025,439.63708832861516,446.22772216796875,1491300,LIN
2024-08-09,445.669367712612,446.84590039146826,440.8634937053727,445.709228515625,1108500,LIN
2024-08-10,445.669367712612,446.84590039146826,440.8634937053727,445.709228515625,1108500,LIN
2024-08-11,445.669367712612,446.84590039146826,440.8634937053727,445.709228515625,1108500,LIN
2024-08-12,445.70922671503394,447.08518511577233,443.79487362294964,445.4699401855469,853000,LIN
2024-08-13,447.1948955570052,448.9497142207494,444.442978649911,448.38140869140625,1174800,LIN
2024-08-14,450.33565917596763,450.6646781710869,447.8330091888626,449.8570556640625,906700,LIN
2024-08-06,51.586396168042825,52.25737485886634,51.35944804674772,51.66533660888672,18723500,WFC
2024-08-07,52.44485477584956,52.78034411007952,51.458121882712874,51.59626388549805,18407500,WFC
2024-08-08,52.2672448535538,52.61259987571127,51.951490614984834,52.060028076171875,16176000,WFC
2024-08-09,52.000373213366494,52.52733942930896,51.771691335552674,52.45773696899414,11669000,WFC
2024-08-10,52.000373213366494,52.52733942930896,51.771691335552674,52.45773696899414,11669000,WFC
2024-08-11,52.000373213366494,52.52733942930896,51.771691335552674,52.45773696899414,11669000,WFC
2024-08-12,52.606878094598336,53.16367121617248,51.38392522819414,51.761749267578125,18090100,WFC
2024-08-13,52.06002782129674,52.656588877281614,51.513179554503495,52.56710433959961,12268600,WFC
2024-08-14,52.72618924020586,53.471892480644044,52.417967661577485,53.35258102416992,13217200,WFC
2024-08-06,44.410599367838095,45.39309250562304,44.30143304299919,44.81748962402344,20524000,CSCO
2024-08-07,45.07551398749087,45.85952320707579,44.748018813518506,44.77779006958008,18301100,CSCO
2024-08-08,44.93657880230569,45.91907194802501,44.93657880230569,45.4824104309082,18369100,CSCO
2024-08-09,45.35339245666728,45.71066266877534,44.896882201535846,45.12513732910156,21217600,CSCO
2024-08-10,45.35339245666728,45.71066266877534,44.896882201535846,45.12513732910156,21217600,CSCO
2024-08-11,45.35339245666728,45.71066266877534,44.896882201535846,45.12513732910156,21217600,CSCO
2024-08-12,45.18468057426887,45.393090725225825,44.16249372862417,44.5197639465332,20289500,CSCO
2024-08-13,44.638852691463015,45.04574293108976,44.54953513711739,45.02589416503906,20976900,CSCO
2024-08-14,44.797639693331725,45.393091326320075,44.69839964738288,45.09536361694336,30675600,CSCO
2024-08-06,268.29876455236735,271.61946835262347,266.5290635988602,268.49761962890625,3369300,MCD
2024-08-07,268.00048767571917,271.55979296825234,267.0261464357642,267.81158447265625,3540000,MCD
2024-08-08,267.3741284987009,272.06682268406,266.5290400097421,269.6210632324219,3227200,MCD
2024-08-09,270.1281283471992,270.1281283471992,265.4155303474747,266.36004638671875,2664900,MCD
2024-08-10,270.1281283471992,270.1281283471992,265.4155303474747,266.36004638671875,2664900,MCD
2024-08-11,270.1281283471992,270.1281283471992,265.4155303474747,266.36004638671875,2664900,MCD
2024-08-12,265.9126327791261,267.9706643167048,263.7949507918514,267.90106201171875,3008100,MCD
2024-08-13,268.74615478515625,270.42637994074636,265.9921911769102,268.74615478515625,2603600,MCD
2024-08-14,268.29875342201234,269.9392318828413,266.9466360489195,269.581298828125,2242100,MCD
2024-08-06,599.8788032744203,612.4907838246212,596.2310968775121,601.6376953125,1316900,TMO
2024-08-07,600.5883487423388,601.3978929407547,585.3080800044431,586.9970092773438,1692100,TMO
2024-08-08,589.3654885395891,600.7582736133756,587.1269207628276,599.658935546875,1116700,TMO
2024-08-09,599.6189730495455,600.9680913403485,593.5028644041519,595.8013916015625,963800,TMO
2024-08-10,599.6189730495455,600.9680913403485,593.5028644041519,595.8013916015625,963800,TMO
2024-08-11,599.6189730495455,600.9680913403485,593.5028644041519,595.8013916015625,963800,TMO
2024-08-12,595.8813620915244,599.1493050366047,591.2143447972707,598.6895751953125,1164000,TMO
2024-08-13,599.5989995083091,605.1854767556749,599.079371180377,603.8263549804688,1042500,TMO
2024-08-14,601.7077089540095,603.0867765585585,595.4216639695164,601.7176513671875,1128100,TMO
2024-08-06,112.30019081646756,114.13955703654389,111.94418396453307,112.93309020996094,6275500,PM
2024-08-07,113.13087813852802,115.1383566477835,112.93309235882548,114.45600891113281,3644800,PM
2024-08-08,113.89233073375972,115.5734758816574,113.66488652185825,114.99990844726562,3548500,PM
2024-08-09,114.9999073711394,115.28669108565167,114.33734200213995,114.72301483154297,3814600,PM
2024-08-10,114.9999073711394,115.28669108565167,114.33734200213995,114.72301483154297,3814600,PM
2024-08-11,114.9999073711394,115.28669108565167,114.33734200213995,114.72301483154297,3814600,PM
2024-08-12,114.81201519856243,115.47458058156805,114.43623353613148,114.8021240234375,4860500,PM
2024-08-13,114.8416844405456,116.76016505243857,114.58457423804407,116.60194396972656,5328100,PM
2024-08-14,116.01848225846798,116.77005312948754,115.79103049870665,115.89981079101562,4067900,PM
2024-08-06,108.43892794782104,110.12100282720222,108.12042932622995,108.9863510131836,5634800,ABT
2024-08-07,109.0958396666844,111.82298468965986,108.88682565042485,109.4242935180664,6365100,ABT
2024-08-08,109.43424366030371,110.69829059854548,108.70767219567605,109.2451400756836,5476600,ABT
2024-08-09,108.76738390143636,108.76738390143636,107.18484598034343,108.20005798339844,5435000,ABT
2024-08-10,108.76738390143636,108.76738390143636,107.18484598034343,108.20005798339844,5435000,ABT
2024-08-11,108.76738390143636,108.76738390143636,107.18484598034343,108.20005798339844,5435000,ABT
2024-08-12,107.89151841075235,107.89151841075235,106.60756863613655,107.2943344116211,4795900,ABT
2024-08-13,107.29433078972514,108.05076028607384,107.09526440099684,107.73226165771484,4920400,ABT
2024-08-14,107.56306454395735,109.6631675557084,107.20475262578897,109.37452697753906,5822900,ABT
2024-08-06,787.0,814.2899780273438,781.280029296875,792.9500122070312,1545800,NOW
2024-08-07,805.6400146484375,816.5399780273438,774.9299926757812,776.280029296875,1062400,NOW
2024-08-08,792.0,802.7000122070312,786.77001953125,796.1400146484375,1449100,NOW
2024-08-09,796.1400146484375,816.010009765625,796.1400146484375,811.0800170898438,799500,NOW
2024-08-10,796.1400146484375,816.010009765625,796.1400146484375,811.0800170898438,799500,NOW
2024-08-11,796.1400146484375,816.010009765625,796.1400146484375,811.0800170898438,799500,NOW
2024-08-12,811.0800170898438,814.8300170898438,800.0700073242188,806.6199951171875,539600,NOW
2024-08-13,812.0,822.8699951171875,810.5999755859375,818.7999877929688,765800,NOW
2024-08-14,822.0,827.0499877929688,815.5,819.02001953125,832900,NOW
2024-08-06,181.66684117777982,185.79786549369948,180.62425097037527,183.73236083984375,3632500,IBM
2024-08-07,184.99133939311054,186.75193728912623,183.63399704328518,183.73236083984375,3801900,IBM
2024-08-08,184.42086138125748,189.71251543311695,183.92907241757413,189.4469451904297,3712700,IBM
2024-08-09,189.68506417439355,191.12373803714874,187.56179847133942,189.9529571533203,2773700,IBM
2024-08-10,189.68506417439355,191.12373803714874,187.56179847133942,189.9529571533203,2773700,IBM
2024-08-11,189.68506417439355,191.12373803714874,187.56179847133942,189.9529571533203,2773700,IBM
2024-08-12,189.75453113085362,190.0819525307182,187.52212488225535,187.9983673095703,2290300,IBM
2024-08-13,188.80202828292735,189.81405667271397,187.7304866225339,189.49656677246094,2178900,IBM
2024-08-14,189.65529759505367,191.58013019828817,189.23858359942656,190.816162109375,1895100,IBM
2024-08-06,182.31966040388014,189.07518687663028,181.40567963977074,185.7272186279297,6210900,TXN
2024-08-07,188.9957161054441,190.267342886994,182.51835676512076,182.86607360839844,5013000,TXN
2024-08-08,186.00538493630003,192.7410379384288,184.33638054875735,192.0356903076172,6180400,TXN
2024-08-09,189.7706008249629,192.1846996615723,188.72746552214974,190.95281982421875,3066500,TXN
2024-08-10,189.7706008249629,192.1846996615723,188.72746552214974,190.95281982421875,3066500,TXN
2024-08-11,189.7706008249629,192.1846996615723,188.72746552214974,190.95281982421875,3066500,TXN
2024-08-12,191.19125103475022,192.36354096366148,189.53217572059333,190.80380249023438,5235900,TXN
2024-08-13,192.53242244682522,196.41685209072375,192.1350296168306,195.95985412597656,4969000,TXN
2024-08-14,195.72141867430452,196.08900893738547,192.18470585732683,194.33058166503906,3072000,TXN
2024-08-06,226.36850770121032,232.57228324963134,225.90969984841564,230.5176544189453,3148200,AXP
2024-08-07,233.41010169549534,235.5544922811773,227.9144521088884,228.20370483398438,2665300,AXP
2024-08-08,230.44783469036642,233.88884016930893,230.40793041672617,232.93133544921875,2239200,AXP
2024-08-09,232.91140088346577,237.71883101222073,232.48251364211868,237.23011779785156,1956400,AXP
2024-08-10,232.91140088346577,237.71883101222073,232.48251364211868,237.23011779785156,1956400,AXP
2024-08-11,232.91140088346577,237.71883101222073,232.48251364211868,237.23011779785156,1956400,AXP
2024-08-12,237.57920199164104,238.3671516225132,234.78649628579117,236.4322052001953,1747000,AXP
2024-08-13,238.08787268654743,238.64641076071817,235.85370517084343,238.3671417236328,1913200,AXP
2024-08-14,239.18500757024287,243.45385186718102,238.8857863829016,243.1247100830078,2132500,AXP
2024-08-06,159.6934632161443,165.20530364387594,159.52371646705066,162.03001403808594,5056700,GE
2024-08-07,164.17683485056992,166.02410495099494,161.33105890207776,161.89022827148438,4307500,GE
2024-08-08,164.2367480561907,166.08401820586178,163.31811046250107,165.36508178710938,3842700,GE
2024-08-09,165.2053044739972,167.63171854537674,164.32661631169867,166.88282775878906,2770100,GE
2024-08-10,165.2053044739972,167.63171854537674,164.32661631169867,166.88282775878906,2770100,GE
2024-08-11,165.2053044739972,167.63171854537674,164.32661631169867,166.88282775878906,2770100,GE
2024-08-12,167.38210052544193,168.53039372103993,164.3765421975959,166.6232147216797,3173700,GE
2024-08-13,167.5118924798521,168.38061618829857,166.00413111983391,167.71160888671875,2942400,GE
2024-08-14,168.2508040278116,168.92979105708886,165.37505840681916,167.7016143798828,4456000,GE
2024-08-06,312.92570333663355,330.98086011624423,309.3884243360576,325.2713623046875,5071700,CAT
2024-08-07,332.316056867679,333.98006130379633,323.2884937489033,324.6336364746094,3011700,CAT
2024-08-08,328.8186222225087,335.2255959575124,326.4371636655668,334.9565734863281,2268300,CAT
2024-08-09,334.7971227985591,337.2881728193817,331.289735316238,337.0490417480469,1668100,CAT
2024-08-10,334.7971227985591,337.2881728193817,331.289735316238,337.0490417480469,1668100,CAT
2024-08-11,334.7971227985591,337.2881728193817,331.289735316238,337.0490417480469,1668100,CAT
2024-08-12,337.0490540136204,338.633358235519,332.4057329568326,334.8270263671875,2127600,CAT
2024-08-13,335.97290156955626,338.30452081263275,332.53527067879946,337.58709716796875,1503800,CAT
2024-08-14,338.3842532293036,340.56641555965325,333.4021530062818,336.3814392089844,1610900,CAT
2024-08-06,439.010009765625,456.239990234375,438.6600036621094,447.6600036621094,1686100,ISRG
2024-08-07,452.0,461.7099914550781,448.5899963378906,449.260009765625,1713000,ISRG
2024-08-08,453.6000061035156,464.1400146484375,451.05999755859375,463.6099853515625,1289200,ISRG
2024-08-09,462.5899963378906,465.70001220703125,460.1199951171875,463.42999267578125,1022600,ISRG
2024-08-10,462.5899963378906,465.70001220703125,460.1199951171875,463.42999267578125,1022600,ISRG
2024-08-11,462.5899963378906,465.70001220703125,460.1199951171875,463.42999267578125,1022600,ISRG
2024-08-12,464.760009765625,466.82000732421875,458.2699890136719,465.5299987792969,1013800,ISRG
2024-08-13,468.2300109863281,470.489990234375,463.010009765625,469.2300109863281,891600,ISRG
2024-08-14,468.7799987792969,473.75,466.3399963378906,471.2099914550781,1109500,ISRG
2024-08-06,23.570731084475415,23.797561939962197,23.531283139685694,23.718664169311523,38400,TBC
2024-08-07,23.833068774751936,23.86660075279215,23.698942743662442,23.797563552856445,44500,TBC
2024-08-08,23.74825271475594,23.925773177778836,23.74825271475594,23.915910720825195,87800,TBC
2024-08-09,23.866599890569603,24.044118469348454,23.74825229031241,23.77783966064453,65400,TBC
2024-08-10,23.866599890569603,24.044118469348454,23.74825229031241,23.77783966064453,65400,TBC
2024-08-11,23.866599890569603,24.044118469348454,23.74825229031241,23.77783966064453,65400,TBC
2024-08-12,23.787702560424805,23.86660033504183,23.77784010346376,23.787702560424805,32100,TBC
2024-08-13,23.797561810322595,24.03425700205642,23.787701234982304,24.0145320892334,39500,TBC
2024-08-14,24.014532519322564,24.152603149414062,24.004670062734423,24.152603149414062,34200,TBC
